{
  "categories": [
    {
      "id": 1,
      "name": "Climate & Environment",
      "type": "issue",
      "description": "Environmental protection, climate change action, renewable energy, conservation",
      "keywords": [
        "climate",
        "environment",
        "green energy",
        "renewable",
        "carbon",
        "emissions",
        "sustainability",
        "conservation",
        "pollution",
        "clean air",
        "global warming",
        "solar",
        "wind",
        "electric vehicles",
        "carbon tax",
        "paris agreement",
        "climate change",
        "extreme weather",
        "hoax",
        "climate skepticism",
        "climate denial"
      ],
      "success_count": 45,
      "total_usage_count": 60,
      "terminology_source": "issueTerminology.json",
      "terminology_sections": ["climate"],
      "metadata": {
        "priority_level": "high",
        "political_spectrum": "progressive",
        "policy_areas": ["energy", "transportation", "regulation"]
      }
    },
    {
      "id": 2,
      "name": "Healthcare & Social Services",
      "type": "issue",
      "description": "Healthcare access, medical insurance, social safety net, public health",
      "keywords": [
        "healthcare",
        "medical",
        "insurance",
        "medicare",
        "medicaid",
        "hospitals",
        "prescription drugs",
        "mental health",
        "public health",
        "social services",
        "disability",
        "elderly care",
        "nursing homes",
        "health coverage",
        "healthcare costs",
        "medical bills",
        "health insurance",
        "long-term care"
      ],
      "success_count": 52,
      "total_usage_count": 65,
      "terminology_source": "issueTerminology.json",
      "terminology_sections": ["healthcare"],
      "metadata": {
        "priority_level": "high",
        "political_spectrum": "bipartisan",
        "policy_areas": ["healthcare", "social_policy"]
      }
    },
    {
      "id": 3,
      "name": "Economy & Jobs",
      "type": "issue",
      "description": "Economic policy, employment, wages, business regulation, trade",
      "keywords": [
        "economy",
        "jobs",
        "employment",
        "wages",
        "minimum wage",
        "unemployment",
        "business",
        "trade",
        "tariffs",
        "taxes",
        "inflation",
        "recession",
        "small business",
        "corporations",
        "labor",
        "unions",
        "workforce",
        "job security",
        "cost of living",
        "strong economy",
        "fair prices",
        "paycheck value",
        "work opportunities",
        "labor rights",
        "worker rights",
        "working conditions",
        "fair wages"
      ],
      "success_count": 48,
      "total_usage_count": 70,
      "terminology_source": "issueTerminology.json",
      "terminology_sections": ["economy", "laborRights"],
      "metadata": {
        "priority_level": "high",
        "political_spectrum": "bipartisan",
        "policy_areas": ["economic", "labor", "trade"]
      }
    },
    {
      "id": 4,
      "name": "Education & Research",
      "type": "issue",
      "description": "Public education, higher education funding, research investment, student loans",
      "keywords": [
        "education",
        "schools",
        "teachers",
        "students",
        "college",
        "university",
        "student loans",
        "research",
        "science funding",
        "STEM",
        "literacy",
        "school choice",
        "public schools",
        "private schools",
        "charter schools",
        "school quality",
        "education costs",
        "student debt",
        "college affordability",
        "headstart",
        "after school programs",
        "funding for headstart",
        "school programs"
      ],
      "success_count": 38,
      "total_usage_count": 55,
      "terminology_source": "issueTerminology.json",
      "terminology_sections": ["education"],
      "metadata": {
        "priority_level": "medium",
        "political_spectrum": "bipartisan",
        "policy_areas": ["education", "research"]
      }
    },
    {
      "id": 5,
      "name": "Immigration & Border Security",
      "type": "issue",
      "description": "Immigration policy, border security, refugee assistance, citizenship pathways",
      "keywords": [
        "immigration",
        "border",
        "refugees",
        "asylum",
        "citizenship",
        "deportation",
        "visa",
        "green card",
        "undocumented",
        "border wall",
        "border patrol",
        "DACA",
        "dreamers",
        "sanctuary cities",
        "ICE",
        "border security",
        "immigration reform",
        "border crisis",
        "illegal immigration",
        "legal immigration"
      ],
      "success_count": 35,
      "total_usage_count": 58,
      "terminology_source": "issueTerminology.json",
      "terminology_sections": ["immigration"],
      "metadata": {
        "priority_level": "high",
        "political_spectrum": "polarized",
        "policy_areas": ["immigration", "security"]
      }
    },
    {
      "id": 6,
      "name": "Criminal Justice & Public Safety",
      "type": "issue",
      "description": "Law enforcement, criminal justice reform, public safety, gun policy",
      "keywords": [
        "police",
        "crime",
        "justice",
        "prison",
        "reform",
        "safety",
        "law enforcement",
        "guns",
        "firearms",
        "second amendment",
        "background checks",
        "violence",
        "police reform",
        "criminal justice",
        "public safety",
        "homelessness and fentanyl",
        "fentanyl problem",
        "jan 6th rioters",
        "violent criminals",
        "rioters"
      ],
      "success_count": 42,
      "total_usage_count": 62,
      "terminology_source": "issueTerminology.json",
      "terminology_sections": ["publicSafety"],
      "metadata": {
        "priority_level": "high",
        "political_spectrum": "polarized",
        "policy_areas": ["justice", "security"]
      }
    },
    {
      "id": 7,
      "name": "Civil Rights & Social Justice",
      "type": "issue",
      "description": "Civil liberties, individual rights, equality, anti-discrimination",
      "keywords": [
        "civil rights",
        "equality",
        "discrimination",
        "social justice",
        "voting rights",
        "racial justice",
        "human rights",
        "constitutional rights",
        "due process",
        "individual rights",
        "personal freedom",
        "civil liberties",
        "support everyone's right to live",
        "bill of rights",
        "rights and protections",
        "pronouns"
      ],
      "success_count": 40,
      "total_usage_count": 58,
      "terminology_source": "issueTerminology.json",
      "terminology_sections": ["civilLiberties"],
      "metadata": {
        "priority_level": "high",
        "political_spectrum": "progressive",
        "policy_areas": ["civil_rights", "social_policy"]
      }
    },
    {
      "id": 8,
      "name": "Infrastructure & Transportation",
      "type": "issue",
      "description": "Public infrastructure, transportation systems, roads, bridges, broadband",
      "keywords": [
        "infrastructure",
        "roads",
        "bridges",
        "transportation",
        "public transit",
        "broadband",
        "water systems",
        "airports",
        "ports",
        "rail",
        "local transportation",
        "affordable transportation",
        "public transit",
        "needs more transportation options",
        "transportation needs"
      ],
      "success_count": 33,
      "total_usage_count": 45,
      "terminology_source": "issueTerminology.json",
      "terminology_sections": ["publicTransportation"],
      "metadata": {
        "priority_level": "medium",
        "political_spectrum": "bipartisan",
        "policy_areas": ["infrastructure", "transportation"]
      }
    },
    {
      "id": 9,
      "name": "Foreign Policy & Defense",
      "type": "issue",
      "description": "International relations, military policy, national security, diplomacy",
      "keywords": [
        "foreign policy",
        "military",
        "defense",
        "national security",
        "diplomacy",
        "international",
        "allies",
        "NATO",
        "trade deals",
        "sanctions",
        "foreign relations",
        "military strength",
        "international affairs",
        "global leadership"
      ],
      "success_count": 28,
      "total_usage_count": 42,
      "terminology_source": "issueTerminology.json",
      "terminology_sections": ["foreignPolicy"],
      "metadata": {
        "priority_level": "medium",
        "political_spectrum": "bipartisan",
        "policy_areas": ["foreign_policy", "defense"]
      }
    },
    {
      "id": 10,
      "name": "Technology & Privacy",
      "type": "issue",
      "description": "Digital privacy, tech regulation, cybersecurity, artificial intelligence",
      "keywords": [
        "technology",
        "privacy",
        "data",
        "cybersecurity",
        "artificial intelligence",
        "social media",
        "big tech",
        "regulation",
        "surveillance",
        "encryption",
        "digital rights",
        "internet freedom",
        "AI",
        "algorithms",
        "platforms",
        "AI regulation",
        "machine learning",
        "automation",
        "data privacy",
        "robots",
        "AI could lead to scary",
        "sci-fi like stuff",
        "too hard for me to understand"
      ],
      "success_count": 25,
      "total_usage_count": 35,
      "terminology_source": "issueTerminology.json",
      "terminology_sections": ["technology"],
      "metadata": {
        "priority_level": "medium",
        "political_spectrum": "bipartisan",
        "policy_areas": ["technology", "privacy"]
      }
    },
    {
      "id": 201,
      "name": "Tax Policy - Middle Class Relief",
      "type": "policy",
      "description": "Tax cuts and relief for middle class and working families",
      "keywords": [
        "middle class tax cuts",
        "tax cuts for working families",
        "tax breaks for middle class",
        "reduce taxes for middle class",
        "tax relief for middle class",
        "help working families",
        "middle class",
        "working families"
      ],
      "success_count": 0,
      "total_usage_count": 0,
      "terminology_source": "issueTerminology.json",
      "terminology_sections": ["taxCutsForMiddleClass"],
      "metadata": {
        "priority_level": "high",
        "political_spectrum": "bipartisan",
        "policy_areas": ["tax_policy", "economic"]
      }
    },
    {
      "id": 202,
      "name": "Tax Policy - Progressive Taxation",
      "type": "policy",
      "description": "Higher taxes on wealthy individuals and corporations",
      "keywords": [
        "tax the rich",
        "wealth tax",
        "millionaire tax",
        "billionaire tax",
        "fair share taxes",
        "ultra wealthy taxes",
        "no tax cuts wealthy",
        "corporate tax loopholes",
        "tax the 1%",
        "progressive taxation",
        "make rich pay more"
      ],
      "success_count": 0,
      "total_usage_count": 0,
      "terminology_source": "issueTerminology.json",
      "terminology_sections": ["taxWealthyMore"],
      "metadata": {
        "priority_level": "high",
        "political_spectrum": "progressive",
        "policy_areas": ["tax_policy", "economic"]
      }
    },
    {
      "id": 203,
      "name": "Tax Policy - Business Tax Relief",
      "type": "policy",
      "description": "Tax cuts for businesses and high earners to stimulate growth",
      "keywords": [
        "tax cuts for job creators",
        "business tax relief",
        "corporate tax cuts",
        "wealth tax opposition",
        "capital gains tax",
        "estate tax relief",
        "tax cuts create jobs",
        "trickle down",
        "tax cuts stimulate economy"
      ],
      "success_count": 0,
      "total_usage_count": 0,
      "terminology_source": "issueTerminology.json",
      "terminology_sections": ["taxCutsForWealthy"],
      "metadata": {
        "priority_level": "medium",
        "political_spectrum": "conservative",
        "policy_areas": ["tax_policy", "economic"]
      }
    },
    {
      "id": 204,
      "name": "Housing & Homelessness",
      "type": "issue",
      "description": "Affordable housing, homelessness prevention, rent control",
      "keywords": [
        "affordable housing",
        "homelessness",
        "rent costs",
        "housing crisis",
        "property values",
        "housing affordability",
        "rent control",
        "public housing"
      ],
      "success_count": 0,
      "total_usage_count": 0,
      "terminology_source": "issueTerminology.json",
      "terminology_sections": ["housing"],
      "metadata": {
        "priority_level": "high",
        "political_spectrum": "progressive",
        "policy_areas": ["housing", "social_policy"]
      }
    },
    {
      "id": 205,
      "name": "Income Inequality",
      "type": "issue",
      "description": "Wealth distribution, economic fairness, opportunity equality",
      "keywords": [
        "wealth gap",
        "income inequality",
        "economic fairness",
        "wealth distribution",
        "economic opportunity"
      ],
      "success_count": 0,
      "total_usage_count": 0,
      "terminology_source": "issueTerminology.json",
      "terminology_sections": ["inequality"],
      "metadata": {
        "priority_level": "medium",
        "political_spectrum": "progressive",
        "policy_areas": ["economic", "social_policy"]
      }
    },
    {
      "id": 206,
      "name": "Women's Rights & Gender Equality",
      "type": "issue",
      "description": "Gender equality, equal pay, workplace discrimination",
      "keywords": [
        "women's rights",
        "gender equality",
        "equal pay",
        "workplace discrimination",
        "gender discrimination"
      ],
      "success_count": 0,
      "total_usage_count": 0,
      "terminology_source": "issueTerminology.json",
      "terminology_sections": ["genderEquality"],
      "metadata": {
        "priority_level": "medium",
        "political_spectrum": "progressive",
        "policy_areas": ["civil_rights", "social_policy"]
      }
    },
    {
      "id": 207,
      "name": "Reproductive Rights",
      "type": "issue",
      "description": "Abortion access, reproductive healthcare, family planning",
      "keywords": [
        "abortion rights",
        "pro-choice",
        "reproductive healthcare",
        "abortion access",
        "family planning"
      ],
      "success_count": 0,
      "total_usage_count": 0,
      "terminology_source": "issueTerminology.json",
      "terminology_sections": ["reproductiveRights"],
      "metadata": {
        "priority_level": "high",
        "political_spectrum": "progressive",
        "policy_areas": ["healthcare", "civil_rights"]
      }
    },
    {
      "id": 208,
      "name": "Pro-Life Values",
      "type": "issue",
      "description": "Abortion restrictions, protection of unborn, traditional values",
      "keywords": [
        "pro-life",
        "abortion restrictions",
        "unborn rights",
        "traditional values",
        "sanctity of life"
      ],
      "success_count": 0,
      "total_usage_count": 0,
      "terminology_source": "issueTerminology.json",
      "terminology_sections": ["proLife"],
      "metadata": {
        "priority_level": "high",
        "political_spectrum": "conservative",
        "policy_areas": ["social_policy", "moral_values"]
      }
    },
    {
      "id": 209,
      "name": "LGBTQ+ Rights",
      "type": "issue",
      "description": "LGBTQ+ equality, transgender rights, sexual orientation protection",
      "keywords": [
        "LGBTQ rights",
        "transgender rights",
        "gender identity",
        "sexual orientation",
        "equality"
      ],
      "success_count": 0,
      "total_usage_count": 0,
      "terminology_source": "issueTerminology.json",
      "terminology_sections": ["lgbtqRights"],
      "metadata": {
        "priority_level": "medium",
        "political_spectrum": "progressive",
        "policy_areas": ["civil_rights", "social_policy"]
      }
    },
    {
      "id": 210,
      "name": "Traditional Values & Culture",
      "type": "issue",
      "description": "Traditional values, cultural conservatism, anti-woke sentiment",
      "keywords": [
        "traditional values",
        "anti-woke",
        "political correctness",
        "conservative values",
        "cultural values"
      ],
      "success_count": 0,
      "total_usage_count": 0,
      "terminology_source": "issueTerminology.json",
      "terminology_sections": ["traditionalValues"],
      "metadata": {
        "priority_level": "medium",
        "political_spectrum": "conservative",
        "policy_areas": ["social_policy", "cultural"]
      }
    },
    {
      "id": 211,
      "name": "Government Efficiency",
      "type": "issue",
      "description": "Reducing government waste, improving accountability and efficiency",
      "keywords": [
        "waste in government",
        "departments need to be made more effective",
        "efficient and accountable",
        "government efficiency",
        "government waste",
        "government accountability",
        "wasteful spending",
        "bureaucracy",
        "inefficient government"
      ],
      "success_count": 0,
      "total_usage_count": 0,
      "terminology_source": "issueTerminology.json",
      "terminology_sections": ["governmentWaste"],
      "metadata": {
        "priority_level": "medium",
        "political_spectrum": "bipartisan",
        "policy_areas": ["government_reform", "fiscal"]
      }
    },
    {
      "id": 212,
      "name": "Political Division & Governance",
      "type": "issue",
      "description": "Political polarization, misinformation, democratic governance",
      "keywords": [
        "political division",
        "fake news",
        "misinformation",
        "partisan politics",
        "political polarization"
      ],
      "success_count": 0,
      "total_usage_count": 0,
      "terminology_source": "issueTerminology.json",
      "terminology_sections": ["politicalDivision"],
      "metadata": {
        "priority_level": "medium",
        "political_spectrum": "bipartisan",
        "policy_areas": ["governance", "democracy"]
      }
    }
  ]
}
